grid,driverId,constructorId,raceId
1,1,1,18
11,4,4,18
9,1,1,19
7,4,4,19
10,4,4,20
3,1,1,20
5,1,1,21
2,4,4,21
3,1,1,22
7,4,4,22
3,1,1,23
7,4,4,23
4,4,4,24
1,1,1,24
3,4,4,25
13,1,1,25
4,1,1,26
6,4,4,26
1,1,1,27
5,4,4,27
7,4,4,28
1,1,1,28
2,1,1,29
12,4,4,29
1,1,1,30
6,4,4,30
8,4,4,31
15,1,1,31
15,4,4,32
2,1,1,32
4,4,4,33
1,1,1,33
1,1,1,34
4,4,4,34
6,4,4,35
4,1,1,35
2,4,1,36
4,1,1,36
2,4,1,37
4,1,1,37
2,1,1,38
4,4,1,38
4,1,1,39
2,4,1,39
1,4,1,40
2,1,1,40
1,1,1,41
2,4,1,41
1,1,1,42
2,4,1,42
2,1,1,43
10,4,1,43
3,4,1,44
1,1,1,44
2,4,1,45
10,1,1,45
1,1,1,46
6,4,1,46
4,4,1,47
2,1,1,47
1,4,1,48
2,1,1,48
3,4,1,49
4,1,1,49
1,1,1,50
2,4,1,50
4,4,1,51
1,1,1,51
4,4,1,52
2,1,1,52
4,4,4,53
7,4,4,54
3,4,4,55
5,4,4,56
1,4,4,57
1,4,4,58
1,4,4,59
1,4,4,60
1,4,4,61
5,4,4,62
3,4,4,63
7,4,4,64
15,4,4,65
3,4,4,66
10,4,4,67
1,4,4,68
5,4,4,69
4,4,4,70
13,4,4,71
1,4,4,72
1,4,4,73
2,4,4,74
3,4,4,75
2,4,4,76
6,4,4,77
3,4,4,78
6,4,4,79
1,4,4,80
1,4,4,81
3,4,4,82
6,4,4,83
3,4,4,84
2,4,4,85
4,4,4,86
1,4,4,87
16,4,4,88
1,4,4,89
5,4,4,90
19,4,4,91
16,4,4,92
6,4,4,93
8,4,4,94
3,4,4,95
6,4,4,96
5,4,4,97
9,4,4,98
1,4,4,99
16,4,4,100
5,4,4,101
5,4,4,102
3,4,4,103
4,4,4,104
6,4,4,105
11,4,4,106
8,4,4,107
10,4,4,108
1,4,4,109
10,4,4,110
8,4,4,111
3,4,4,112
19,4,4,113
8,4,4,114
4,4,4,115
8,4,4,116
7,4,4,117
8,4,4,118
8,4,4,119
1,4,4,120
20,4,4,121
6,4,4,122
5,4,4,123
19,4,18,141
21,4,18,142
19,4,18,143
18,4,18,144
18,4,18,145
18,4,18,146
18,4,18,147
22,4,18,148
21,4,18,149
21,4,18,150
21,4,18,151
21,4,18,152
18,4,18,153
20,4,18,154
21,4,18,155
17,4,18,156
18,4,18,157
10,4,4,1
18,1,1,1
12,1,1,2
9,4,4,2
9,1,1,3
2,4,4,3
5,1,1,4
7,4,4,4
8,4,4,5
14,1,1,5
9,4,4,6
19,1,1,6
8,4,4,7
16,1,1,7
10,4,4,8
18,1,1,8
12,4,4,9
5,1,1,9
4,1,1,10
1,4,4,10
1,1,1,11
8,4,4,11
13,4,4,12
12,1,1,12
8,4,4,13
1,1,1,13
1,1,1,14
5,4,4,14
3,1,1,15
16,4,4,15
17,1,1,16
10,4,4,16
15,4,4,17
1,1,1,17
3,4,6,337
4,1,1,337
13,807,3,337
3,4,6,338
11,1,1,338
15,807,3,338
20,1,1,339
5,807,3,339
19,4,6,339
6,1,1,340
3,4,6,340
16,807,3,340
4,4,6,341
3,1,1,341
13,807,3,341
5,1,1,342
24,4,6,342
11,807,3,342
2,1,1,343
12,4,6,343
17,807,3,343
1,1,1,344
3,4,6,344
12,807,3,344
3,1,1,345
4,4,6,345
8,807,3,345
4,1,1,346
13,807,3,346
3,4,6,346
2,4,6,347
6,1,1,347
10,807,3,347
3,4,6,348
10,807,3,348
5,1,1,348
2,1,1,349
9,807,3,349
10,4,6,349
1,4,6,350
8,807,3,350
5,1,1,350
1,4,6,351
17,807,3,351
3,1,1,351
4,4,6,352
8,1,1,352
9,807,3,352
3,4,6,353
4,1,1,353
11,807,3,353
5,4,6,354
4,1,1,354
1,807,3,354
2,1,1,355
3,4,6,355
15,807,3,355
2,1,1,841
5,4,6,841
13,815,15,841
5,4,6,842
2,1,1,842
16,815,15,842
3,1,1,843
5,4,6,843
12,815,15,843
5,4,6,844
4,1,1,844
15,815,15,844
3,1,1,845
4,4,6,845
12,815,15,845
4,4,6,846
9,1,1,846
2,4,6,847
5,1,1,847
4,4,6,848
3,1,1,848
16,815,15,848
3,4,6,849
10,1,1,849
12,815,15,849
24,817,164,849
2,1,1,850
4,4,6,850
15,815,15,850
22,817,164,850
5,4,6,851
2,1,1,851
10,815,15,851
22,817,164,851
8,4,6,852
9,815,15,852
23,817,164,852
2,1,1,852
4,4,6,853
2,1,1,853
23,817,164,853
15,815,15,853
5,4,6,854
4,1,1,854
11,815,15,854
23,817,164,854
5,4,6,855
3,1,1,855
17,815,15,855
22,817,164,855
1,1,1,856
6,4,6,856
17,815,15,856
24,817,164,856
3,4,6,857
5,1,1,857
20,815,15,857
23,817,164,857
2,1,1,858
5,4,6,858
11,815,15,858
20,817,164,858
5,4,6,859
17,815,15,859
22,817,164,859
4,1,1,859
1,1,1,860
12,4,6,860
22,815,15,860
10,817,5,860
9,807,10,860
8,4,6,861
9,815,15,861
1,1,1,861
16,807,10,861
15,817,5,861
7,1,1,862
9,4,6,862
8,815,15,862
16,807,10,862
17,817,5,862
9,4,6,863
2,1,1,863
8,815,15,863
13,807,10,863
6,817,5,863
2,4,6,864
24,1,1,864
13,807,10,864
15,817,5,864
5,815,15,864
5,4,6,865
3,1,1,865
10,807,10,865
23,815,15,865
15,817,5,865
2,1,1,866
15,815,15,866
3,4,6,866
13,807,10,866
14,817,5,866
11,4,6,867
8,807,10,867
15,815,15,867
17,817,5,867
2,1,1,867
1,4,6,868
8,1,1,868
14,807,10,868
12,817,5,868
15,815,15,868
1,4,6,869
17,815,15,869
4,807,10,869
11,817,5,869
7,1,1,869
1,1,1,870
6,4,6,870
10,807,10,870
14,815,15,870
18,817,5,870
11,807,10,871
16,817,5,871
4,815,15,871
5,4,6,871
7,1,1,871
1,1,1,872
12,815,15,872
10,4,6,872
14,817,5,872
24,807,10,872
5,4,6,873
15,817,5,873
14,815,15,873
11,807,10,873
1,1,1,873
9,1,1,874
15,807,10,874
14,817,5,874
5,815,15,874
6,4,6,874
4,4,6,875
8,807,10,875
21,817,5,875
3,1,1,875
12,815,15,875
5,4,6,876
3,1,1,876
12,807,10,876
15,817,5,876
8,815,15,876
6,4,6,877
16,817,5,877
11,815,15,877
1,1,1,877
10,807,10,877
2,1,1,878
7,4,6,878
6,807,10,878
15,815,15,878
18,817,5,878
7,4,6,879
6,807,10,879
15,817,5,879
1,1,1,879
12,815,15,879
5,4,6,880
3,1,131,880
15,815,1,880
16,822,3,880
14,817,5,880
11,807,15,880
4,1,131,881
12,807,15,881
9,815,1,881
18,822,3,881
13,817,5,881
3,4,6,881
3,4,6,882
1,1,131,882
7,817,5,882
10,807,15,882
12,815,1,882
16,822,3,882
9,1,131,883
12,815,1,883
3,4,6,883
14,807,15,883
15,822,3,883
13,817,5,883
5,4,6,884
8,815,1,884
11,817,5,884
2,1,131,884
15,807,15,884
16,822,3,884
2,1,131,885
6,4,6,885
11,807,15,885
14,822,3,885
7,815,1,885
12,817,5,885
6,4,6,886
2,1,131,886
12,815,1,886
3,822,3,886
11,817,5,886
9,807,15,886
9,4,6,887
1,1,131,887
5,817,5,887
14,807,15,887
16,822,3,887
13,815,1,887
8,4,6,888
1,1,131,888
13,815,1,888
10,807,15,888
6,817,5,888
17,822,3,888
1,1,131,890
5,4,6,890
9,815,1,890
12,807,15,890
8,817,5,890
16,822,3,890
9,4,6,891
1,1,131,891
19,817,5,891
13,815,1,891
11,807,15,891
20,822,3,891
5,4,6,892
3,807,15,892
7,817,5,892
12,1,131,892
8,815,1,892
18,822,3,892
7,4,6,893
5,1,131,893
14,815,1,893
11,807,15,893
16,822,3,893
9,817,5,893
7,807,15,894
2,1,131,894
5,4,6,894
10,815,1,894
17,822,3,894
12,817,5,894
8,4,6,895
7,807,15,895
16,817,5,895
11,815,1,895
13,822,3,895
3,1,131,895
9,815,1,896
3,1,131,896
11,817,5,896
8,4,6,896
15,822,3,896
7,807,15,896
10,4,6,897
4,1,131,897
8,815,1,897
5,807,15,897
15,822,3,897
9,817,5,897
5,1,131,898
6,4,6,898
4,807,15,898
7,815,1,898
9,822,3,898
10,817,5,898
3,4,6,899
19,815,1,899
10,807,15,899
5,1,131,899
7,817,5,899
13,822,3,899
4,825,1,900
5,4,6,900
15,822,3,900
7,807,10,900
16,815,10,900
1,1,131,900
2,817,9,900
1,1,131,901
4,4,6,901
7,807,10,901
18,822,3,901
8,825,1,901
5,817,9,901
14,815,10,901
2,1,131,902
4,815,10,902
13,817,9,902
11,807,10,902
3,822,3,902
9,4,6,902
8,825,1,902
1,1,131,903
5,4,6,903
2,817,9,903
8,807,10,903
7,822,3,903
16,815,10,903
15,825,1,903
1,1,131,904
3,817,9,904
4,822,3,904
7,4,6,904
11,815,10,904
10,807,10,904
14,825,1,904
2,1,131,905
3,817,9,905
5,4,6,905
11,807,10,905
8,825,1,905
13,822,3,905
10,815,10,905
6,817,9,906
11,807,10,906
7,4,6,906
4,822,3,906
12,825,1,906
13,815,10,906
2,1,131,906
9,1,131,907
2,822,3,907
4,4,6,907
15,815,10,907
6,825,1,907
5,817,9,907
10,807,10,907
6,1,131,908
14,822,3,908
8,817,9,908
16,4,6,908
5,825,1,908
4,807,10,908
7,815,10,908
2,822,3,909
20,1,131,909
7,4,6,909
5,817,9,909
9,807,10,909
4,825,1,909
10,815,10,909
4,817,9,910
5,4,6,910
22,1,131,910
3,822,3,910
21,825,1,910
12,815,10,910
9,807,10,910
5,817,9,911
6,822,3,911
4,4,6,911
13,815,10,911
18,807,10,911
7,825,1,911
2,1,131,911
1,1,131,912
3,822,3,912
9,817,9,912
10,815,10,912
5,825,1,912
13,807,10,912
7,4,6,912
1,1,131,913
3,817,9,913
5,4,6,913
15,815,10,913
13,807,10,913
9,825,1,913
8,822,3,913
2,1,131,914
6,817,9,914
3,822,3,914
13,807,10,914
11,815,10,914
7,825,1,914
5,4,6,914
1,1,131,915
3,822,3,915
11,825,1,915
7,4,6,915
6,817,9,915
12,815,10,915
17,807,10,915
2,1,131,916
5,817,9,916
3,822,3,916
6,4,6,916
7,825,1,916
13,807,10,916
11,815,10,916
2,1,131,917
8,4,6,917
12,807,10,917
7,825,1,917
4,822,3,917
18,815,10,917
9,817,9,917
2,1,131,918
3,822,3,918
20,817,9,918
12,807,10,918
11,815,10,918
8,4,6,918
9,825,1,918
1,1,131,926
6,817,9,926
13,807,10,926
14,815,10,926
11,830,5,926
17,825,1,926
0,822,3,926
1,1,131,927
8,822,3,927
6,830,5,927
4,817,9,927
14,815,10,927
13,807,10,927
18,4,1,927
1,1,131,928
5,822,3,928
7,817,9,928
15,815,10,928
18,4,1,928
13,830,5,928
16,807,10,928
1,1,131,929
5,822,3,929
7,817,9,929
11,815,10,929
14,4,1,929
8,807,10,929
15,830,5,929
2,1,131,930
4,822,3,930
10,817,9,930
6,830,5,930
18,815,10,930
17,807,10,930
13,4,1,930
1,1,131,931
4,817,9,931
7,815,10,931
11,807,10,931
16,822,3,931
9,830,5,931
13,4,1,931
1,1,131,932
4,822,3,932
7,807,10,932
10,815,10,932
9,817,9,932
19,830,5,932
13,4,1,932
1,1,131,933
6,822,3,933
5,807,10,933
7,830,5,933
13,815,10,933
18,817,9,933
19,4,1,933
1,1,131,934
4,822,3,934
9,807,10,934
11,815,10,934
17,4,1,934
10,817,9,934
13,830,5,934
4,817,9,936
9,830,5,936
15,4,1,936
1,1,131,936
6,822,3,936
13,815,10,936
11,807,10,936
1,1,131,937
4,815,10,937
18,830,5,937
3,822,3,937
20,4,1,937
5,817,9,937
11,807,10,937
1,1,131,938
6,822,3,938
7,815,10,938
9,807,10,938
19,817,9,938
20,830,5,938
16,4,1,938
2,817,9,939
7,822,3,939
13,815,10,939
8,830,5,939
12,4,1,939
5,1,131,939
11,807,10,939
2,1,131,940
3,822,3,940
13,807,10,940
17,830,5,940
12,4,1,940
9,815,10,940
7,817,9,940
2,1,131,941
7,815,10,941
9,830,5,941
19,4,1,941
3,822,3,941
10,817,9,941
6,807,10,941
2,1,131,942
8,830,5,942
5,815,10,942
3,817,9,942
9,4,1,942
6,807,10,942
16,822,3,942
2,1,131,943
6,822,3,943
5,817,9,943
10,807,10,943
9,815,10,943
8,830,5,943
18,4,1,943
2,1,131,944
7,822,3,944
5,807,10,944
9,830,5,944
19,817,9,944
11,815,10,944
20,4,1,944
2,1,131,945
4,815,10,945
5,817,9,945
7,807,10,945
6,822,3,945
11,830,5,945
16,4,1,945
1,1,131,948
8,817,9,948
10,807,10,948
16,822,3,948
5,830,5,948
14,825,4,948
9,815,10,948
11,4,1,948
1,1,131,949
5,817,9,949
10,830,5,949
6,822,3,949
22,825,4,949
8,807,10,949
18,815,10,949
2,817,9,950
22,1,131,950
9,830,5,950
5,822,3,950
7,815,10,950
11,4,1,950
13,807,10,950
17,825,4,950
10,1,131,951
2,822,3,951
14,4,1,951
17,825,4,951
6,815,10,951
5,817,9,951
9,830,5,951
13,807,10,951
4,830,9,952
3,817,9,952
7,822,3,952
9,815,10,952
15,825,4,952
10,4,1,952
11,807,10,952
1,1,131,952
3,1,131,953
1,817,9,953
7,815,10,953
9,4,1,953
5,807,10,953
10,822,3,953
0,830,9,953
16,825,4,953
1,1,131,954
7,822,3,954
5,830,9,954
4,817,9,954
9,807,10,954
11,815,10,954
10,4,1,954
22,825,4,954
7,815,10,955
10,1,131,955
8,822,3,955
2,817,9,955
9,830,9,955
12,807,10,955
22,825,4,955
13,4,1,955
1,1,131,956
8,830,9,956
5,817,9,956
7,822,3,956
17,825,4,956
16,815,10,956
14,4,1,956
2,807,10,956
1,1,131,957
3,830,9,957
4,817,9,957
10,815,10,957
8,807,10,957
9,4,1,957
6,822,3,957
16,825,4,957
2,1,131,958
3,817,9,958
4,830,9,958
7,4,1,958
10,822,3,958
9,807,10,958
13,815,10,958
19,825,4,958
2,1,131,959
3,817,9,959
4,830,9,959
8,807,10,959
7,822,3,959
9,815,10,959
13,4,1,959
16,825,4,959
5,817,9,960
21,1,131,960
7,807,10,960
6,815,10,960
22,4,1,960
8,822,3,960
2,830,9,960
17,839,209,960
12,825,4,960
1,1,131,961
6,817,9,961
5,822,3,961
7,830,9,961
8,815,10,961
9,807,10,961
12,4,1,961
21,825,4,961
22,839,209,961
2,817,9,962
3,1,131,962
4,830,9,962
9,4,1,962
17,815,10,962
15,825,4,962
21,839,209,962
10,822,3,962
8,807,10,962
4,817,9,963
3,830,9,963
11,822,3,963
7,815,10,963
22,4,1,963
8,807,10,963
20,839,209,963
1,1,131,963
14,825,4,963
3,830,9,964
2,1,131,964
4,817,9,964
5,815,10,964
9,807,10,964
11,822,3,964
17,825,4,964
15,4,1,964
20,839,209,964
1,1,131,965
3,817,9,965
12,4,1,965
11,815,10,965
18,825,4,965
8,822,3,965
22,839,209,965
4,830,9,965
7,807,10,965
1,1,131,966
4,817,9,966
3,830,9,966
5,807,10,966
8,822,3,966
12,815,10,966
11,4,1,966
14,825,4,966
20,839,209,966
1,1,131,967
4,830,9,967
9,815,10,967
8,807,10,967
6,817,9,967
10,4,1,967
11,822,3,967
22,839,209,967
18,825,4,967
1,1,131,968
6,830,9,968
3,817,9,968
7,807,10,968
8,815,10,968
9,4,1,968
20,839,209,968
11,822,3,968
18,825,4,968
1,1,131,969
3,822,131,969
5,830,9,969
10,815,10,969
13,839,10,969
11,807,4,969
12,4,1,969
17,825,210,969
20,840,3,969
0,817,9,969
1,1,131,970
16,830,9,970
5,817,9,970
3,822,131,970
12,825,210,970
8,815,10,970
17,839,10,970
7,807,4,970
13,4,1,970
10,840,3,970
2,1,131,971
1,822,131,971
4,817,9,971
18,815,10,971
7,807,4,971
14,839,10,971
15,4,1,971
12,840,3,971
6,830,9,971
20,825,210,971
3,822,131,972
4,1,131,972
7,830,9,972
9,815,10,972
10,839,10,972
8,807,4,972
11,840,3,972
13,825,210,972
5,817,9,972
15,4,1,972
1,1,131,973
6,817,9,973
8,815,10,973
10,839,10,973
13,807,4,973
7,4,1,973
11,825,210,973
18,840,3,973
3,822,131,973
5,830,9,973
5,817,9,974
3,822,131,974
4,830,9,974
13,1,131,974
11,825,210,974
15,839,10,974
7,815,10,974
17,840,3,974
10,807,4,974
1,1,131,975
3,822,131,975
6,817,9,975
8,815,10,975
9,839,10,975
10,807,4,975
17,840,3,975
18,825,210,975
12,4,1,975
5,830,9,975
10,817,9,976
2,822,131,976
8,840,3,976
1,1,131,976
7,839,10,976
12,825,210,976
19,4,1,976
6,815,10,976
13,807,4,976
5,830,9,976
0,815,15,846
1,822,131,977
4,817,9,977
8,1,131,977
7,815,10,977
9,839,10,977
18,840,3,977
11,807,4,977
15,825,210,977
12,4,1,977
5,830,9,977
1,1,131,978
9,822,131,978
4,830,9,978
19,817,9,978
5,807,4,978
7,839,10,978
6,815,10,978
16,825,210,978
15,840,3,978
20,4,1,978
3,822,131,979
4,1,131,979
5,830,9,979
7,4,1,979
13,815,10,979
11,839,10,979
15,825,210,979
17,840,3,979
12,807,4,979
6,817,9,979
1,1,131,980
6,817,9,980
3,822,131,980
7,807,4,980
9,839,10,980
15,840,3,980
12,825,210,980
8,815,10,980
10,4,1,980
5,830,9,980
1,1,131,981
4,822,131,981
16,817,9,981
3,839,10,981
2,840,3,981
10,815,10,981
13,830,9,981
9,825,210,981
14,807,4,981
19,4,1,981
5,1,131,982
3,817,9,982
6,822,131,982
12,815,10,982
18,840,3,982
14,839,10,982
16,825,210,982
7,807,4,982
8,4,1,982
2,830,9,982
3,830,9,983
1,1,131,983
4,817,9,983
5,822,131,983
9,815,10,983
13,840,3,983
6,839,10,983
10,4,1,983
17,825,210,983
15,842,5,983
8,807,4,983
1,1,131,984
4,830,9,984
3,817,9,984
6,822,131,984
5,839,10,984
7,815,10,984
12,825,210,984
20,4,1,984
14,842,5,984
15,840,3,984
11,807,4,984
1,1,131,985
16,830,9,985
3,822,131,985
6,839,10,985
9,815,10,985
15,840,3,985
17,825,210,985
8,4,1,985
4,817,9,985
18,807,4,985
2,830,9,986
4,822,131,986
6,839,10,986
11,840,3,986
9,815,10,986
14,825,210,986
3,1,131,986
18,4,1,986
20,842,5,986
7,807,4,986
16,817,9,986
1,822,131,987
20,1,131,987
4,830,9,987
14,817,9,987
6,4,1,987
5,815,10,987
7,807,4,987
19,842,5,987
16,840,3,987
10,839,10,987
13,825,210,987
1,822,131,988
2,1,131,988
6,830,9,988
7,807,4,988
8,815,10,988
9,839,10,988
11,4,1,988
14,825,210,988
17,842,5,988
15,840,3,988
4,817,9,988
1,1,131,989
8,817,9,989
10,4,1,989
4,830,9,989
7,807,4,989
15,822,131,989
12,815,10,989
14,839,10,989
18,844,15,989
13,840,3,989
5,825,210,989
20,842,5,989
3,822,131,990
9,1,131,990
5,842,5,990
6,825,210,990
7,807,4,990
13,4,1,990
8,839,10,990
19,844,15,990
20,840,3,990
12,815,10,990
15,830,9,990
4,817,9,990
6,817,9,991
3,822,131,991
4,1,131,991
5,830,9,991
7,807,4,991
13,4,1,991
11,825,210,991
12,839,10,991
8,815,10,991
18,840,3,991
17,842,5,991
19,844,15,991
2,1,131,992
8,815,10,992
13,844,15,992
12,4,1,992
10,840,3,992
17,842,5,992
15,825,210,992
3,822,131,992
5,830,9,992
4,817,9,992
14,807,4,992
7,839,10,992
1,1,131,993
2,822,131,993
5,830,9,993
6,817,9,993
7,825,210,993
8,4,1,993
15,815,10,993
14,844,15,993
18,840,3,993
13,839,10,993
12,842,5,993
16,807,4,993
1,817,9,994
3,1,131,994
5,822,131,994
6,839,10,994
10,842,5,994
11,807,4,994
20,830,9,994
9,815,10,994
19,825,210,994
17,840,3,994
14,844,15,994
7,4,1,994
2,822,131,995
3,830,9,995
6,817,9,995
4,1,131,995
7,807,4,995
8,839,10,995
13,844,15,995
16,842,5,995
11,825,210,995
10,815,10,995
14,4,1,995
17,840,3,995
1,1,131,996
4,830,9,996
5,817,9,996
9,825,210,996
2,822,131,996
12,807,4,996
8,844,15,996
16,4,1,996
19,840,3,996
13,815,10,996
11,839,10,996
14,842,5,996
4,830,9,997
8,825,210,997
11,839,10,997
16,815,10,997
13,4,1,997
18,844,15,997
12,842,5,997
14,840,3,997
2,1,131,997
7,817,9,997
1,822,131,997
10,807,4,997
1,1,131,998
4,822,131,998
6,817,9,998
11,807,4,998
10,839,10,998
13,4,1,998
7,825,210,998
12,815,10,998
19,840,3,998
14,842,5,998
5,830,9,998
9,844,15,998
14,1,131,999
2,822,131,999
4,830,9,999
7,807,4,999
10,815,10,999
15,839,10,999
5,825,210,999
16,842,5,999
9,844,15,999
11,4,1,999
18,840,3,999
20,817,9,999
1,1,131,1000
12,817,9,1000
2,822,131,1000
6,842,5,1000
9,825,210,1000
11,4,1,1000
13,807,4,1000
18,839,10,1000
19,815,10,1000
15,840,3,1000
7,830,9,1000
17,844,15,1000
1,1,131,1001
7,830,9,1001
19,822,131,1001
4,815,10,1001
3,839,10,1001
9,825,210,1001
10,842,5,1001
17,840,3,1001
8,817,9,1001
12,844,15,1001
15,4,1,1001
20,807,4,1001
3,1,131,1002
4,822,131,1002
5,830,9,1002
8,839,10,1002
14,815,10,1002
10,840,3,1002
15,844,15,1002
20,807,4,1002
9,842,5,1002
11,825,210,1002
19,817,9,1002
13,4,1,1002
1,1,131,1003
2,830,9,1003
4,822,131,1003
6,817,9,1003
11,4,1,1003
13,844,15,1003
10,807,4,1003
15,842,5,1003
20,840,3,1003
7,815,10,1003
16,825,210,1003
9,839,10,1003
2,1,131,1004
1,822,131,1004
19,830,9,1004
18,817,9,1004
7,844,15,1004
5,825,210,1004
6,839,10,1004
8,815,10,1004
12,807,4,1004
16,4,1,1004
14,840,3,1004
17,842,5,1004
1,1,131,1005
2,822,131,1005
3,830,9,1005
15,817,9,1005
9,815,10,1005
11,839,10,1005
7,842,5,1005
18,4,1,1005
14,840,3,1005
10,844,15,1005
16,807,4,1005
12,825,210,1005
18,830,9,1006
1,1,131,1006
3,822,131,1006
7,807,4,1006
10,815,10,1006
19,842,5,1006
15,840,3,1006
9,844,15,1006
4,817,9,1006
13,4,1,1006
6,839,10,1006
12,825,210,1006
2,830,9,1007
3,1,131,1007
5,822,131,1007
7,807,4,1007
9,844,15,1007
20,842,5,1007
11,839,10,1007
17,840,3,1007
16,825,210,1007
1,817,9,1007
13,815,10,1007
12,4,1,1007
1,1,131,1008
5,830,9,1008
11,817,9,1008
3,822,131,1008
7,844,15,1008
10,825,210,1008
12,815,10,1008
9,842,5,1008
18,839,10,1008
17,4,1,1008
19,840,3,1008
13,807,4,1008
1,1,131,1009
6,830,9,1009
5,817,9,1009
2,822,131,1009
8,844,15,1009
14,815,10,1009
13,825,210,1009
15,4,1,1009
20,840,3,1009
17,842,5,1009
9,839,10,1009
10,807,4,1009
2,822,131,1010
1,1,131,1010
4,830,9,1010
5,844,6,1010
7,825,210,1010
11,807,4,1010
16,840,211,1010
17,842,9,1010
8,846,1,1010
10,815,211,1010
19,847,3,1010
12,817,4,1010
3,1,131,1011
4,822,131,1011
1,844,6,1011
5,830,9,1011
9,846,1,1011
13,842,9,1011
14,815,211,1011
6,825,210,1011
18,840,211,1011
19,847,3,1011
17,807,4,1011
10,817,4,1011
2,1,131,1012
1,822,131,1012
5,830,9,1012
4,844,6,1012
6,842,9,1012
7,817,4,1012
12,815,211,1012
16,840,211,1012
9,825,210,1012
17,847,3,1012
15,846,1,1012
8,807,4,1012
1,822,131,1013
2,1,131,1013
4,830,9,1013
8,844,6,1013
5,815,211,1013
7,846,1,1013
13,840,211,1013
12,825,210,1013
15,807,4,1013
16,847,3,1013
0,842,9,1013
10,817,4,1013
2,1,131,1014
1,822,131,1014
4,830,9,1014
5,844,6,1014
6,842,9,1014
8,825,210,1014
13,817,4,1014
0,807,4,1014
15,815,211,1014
19,847,3,1014
16,840,211,1014
10,846,1,1014
1,1,131,1015
2,822,131,1015
3,830,9,1015
8,842,9,1015
6,817,4,1015
12,846,1,1015
5,825,210,1015
16,815,211,1015
11,807,4,1015
19,847,3,1015
17,840,211,1015
15,844,6,1015
2,1,131,1016
3,844,6,1016
6,822,131,1016
9,830,9,1016
4,817,4,1016
7,807,4,1016
5,842,9,1016
17,840,211,1016
15,815,211,1016
18,847,3,1016
0,825,210,1016
8,846,1,1016
1,1,131,1017
2,822,131,1017
3,844,6,1017
4,830,9,1017
13,807,4,1017
5,846,1,1017
9,842,9,1017
8,817,4,1017
14,815,211,1017
17,840,211,1017
15,825,210,1017
20,847,3,1017
2,830,9,1018
1,844,6,1018
3,822,131,1018
4,1,131,1018
5,846,1,1018
8,842,9,1018
13,815,211,1018
12,817,4,1018
15,807,4,1018
14,840,211,1018
0,847,3,1018
10,825,210,1018
2,1,131,1019
1,822,131,1019
3,844,6,1019
5,842,9,1019
4,830,9,1019
7,817,4,1019
10,807,4,1019
8,846,1,1019
18,840,211,1019
19,847,3,1019
15,815,211,1019
16,825,210,1019
2,830,9,1020
15,840,211,1020
12,825,210,1020
1,1,131,1020
17,847,3,1020
4,842,9,1020
3,822,131,1020
9,807,4,1020
10,844,6,1020
19,846,1,1020
13,817,4,1020
8,815,211,1020
3,1,131,1021
1,830,9,1021
4,844,6,1021
6,842,9,1021
2,822,131,1021
7,846,1,1021
16,815,211,1021
11,807,4,1021
14,825,210,1021
20,817,4,1021
15,847,3,1021
18,840,211,1021
1,844,6,1022
3,1,131,1022
4,822,131,1022
7,815,211,1022
12,807,4,1022
13,842,5,1022
16,840,211,1022
11,846,1,1022
8,825,210,1022
10,817,4,1022
14,847,3,1022
5,830,9,1022
1,844,6,1023
3,822,131,1023
2,1,131,1023
5,817,4,1023
6,807,4,1023
18,815,211,1023
19,830,9,1023
16,846,1,1023
17,842,5,1023
9,840,211,1023
14,847,3,1023
11,825,210,1023
1,844,6,1024
4,830,9,1024
2,1,131,1024
5,822,131,1024
9,846,1,1024
11,842,5,1024
8,807,4,1024
16,840,211,1024
20,817,4,1024
13,825,210,1024
15,815,211,1024
18,847,3,1024
2,1,131,1025
4,822,131,1025
1,844,6,1025
9,830,9,1025
11,815,211,1025
7,846,1,1025
13,825,210,1025
6,807,4,1025
14,840,211,1025
16,842,5,1025
17,847,3,1025
10,817,4,1025
3,822,131,1026
4,1,131,1026
2,844,6,1026
9,842,5,1026
17,815,211,1026
12,840,211,1026
8,846,1,1026
19,825,210,1026
18,847,3,1026
5,830,9,1026
16,817,4,1026
15,807,4,1026
3,1,131,1027
6,822,131,1027
1,844,6,1027
4,830,9,1027
11,815,211,1027
13,817,4,1027
10,842,5,1027
12,807,4,1027
16,840,211,1027
17,825,210,1027
19,847,3,1027
8,846,1,1027
1,822,131,1031
1,822,131,1028
5,1,131,1028
3,830,9,1028
4,844,6,1028
9,817,4,1028
8,846,1,1028
11,807,4,1028
0,815,211,1028
14,840,211,1028
10,842,5,1028
18,847,3,1028
12,825,210,1028
1,830,9,1029
6,842,5,1029
11,817,4,1029
3,1,131,1029
10,846,1,1029
15,815,211,1029
9,825,210,1029
18,847,3,1029
13,807,4,1029
14,844,6,1029
17,840,211,1029
4,822,131,1029
1,1,131,1030
2,830,9,1030
3,844,6,1030
20,822,131,1030
10,815,211,1030
6,846,1,1030
7,817,4,1030
9,807,4,1030
14,825,210,1030
18,847,3,1030
11,842,5,1030
12,840,211,1030
7,844,6,1031
3,846,1,1031
5,1,131,1031
6,815,211,1031
12,842,213,1031
14,839,4,1031
17,847,3,1031
16,825,210,1031
9,840,211,1031
10,817,4,1031
2,830,9,1031
1,1,131,1032
4,822,131,1032
2,830,9,1032
9,846,1,1032
17,815,211,1032
12,840,211,1032
8,817,4,1032
15,825,210,1032
7,842,213,1032
11,847,3,1032
5,839,4,1032
14,844,6,1032
1,1,131,1033
7,830,9,1033
2,822,131,1033
3,840,211,1033
4,815,211,1033
11,817,4,1033
0,825,210,1033
6,844,6,1033
8,846,1,1033
14,839,4,1033
12,847,3,1033
10,842,213,1033
1,1,131,1034
3,830,9,1034
4,844,6,1034
8,817,4,1034
5,846,1,1034
9,839,4,1034
11,842,213,1034
6,840,211,1034
2,822,131,1034
20,847,3,1034
14,825,210,1034
13,807,211,1034
4,830,9,1035
2,1,131,1035
1,822,131,1035
8,844,6,1035
6,840,211,1035
3,807,211,1035
14,839,4,1035
10,846,1,1035
7,842,213,1035
5,817,4,1035
15,847,3,1035
17,825,210,1035
1,1,131,1036
3,830,9,1036
2,822,131,1036
5,840,211,1036
4,815,211,1036
10,842,213,1036
8,846,1,1036
13,817,4,1036
15,839,4,1036
16,825,210,1036
18,847,3,1036
9,844,6,1036
1,1,131,1037
2,822,131,1037
3,830,9,1037
4,817,4,1037
6,839,4,1037
10,846,1,1037
12,842,213,1037
9,840,211,1037
8,815,211,1037
13,844,6,1037
20,825,210,1037
15,847,3,1037
10,842,213,1038
8,840,211,1038
6,846,1,1038
2,822,131,1038
7,817,4,1038
1,1,131,1038
12,839,4,1038
4,815,211,1038
19,847,3,1038
5,830,9,1038
13,844,6,1038
15,825,210,1038
1,1,131,1039
2,822,131,1039
8,817,4,1039
7,815,211,1039
11,846,1,1039
5,844,6,1039
18,847,3,1039
6,840,211,1039
10,839,4,1039
20,825,210,1039
3,830,9,1039
16,842,213,1039
3,822,131,1040
2,830,9,1040
1,1,131,1040
4,815,211,1040
5,817,4,1040
10,844,6,1040
7,839,4,1040
9,842,213,1040
18,825,210,1040
8,846,1,1040
13,847,3,1040
12,840,211,1040
2,1,131,1041
3,830,9,1041
6,817,4,1041
9,815,211,1041
12,842,213,1041
4,844,6,1041
20,807,211,1041
15,825,210,1041
8,846,1,1041
7,839,4,1041
1,822,131,1041
17,847,3,1041
1,1,131,1042
2,822,131,1042
3,830,9,1042
4,844,6,1042
9,842,213,1042
5,815,211,1042
11,839,4,1042
10,817,4,1042
8,846,1,1042
14,847,3,1042
19,825,210,1042
12,840,211,1042
2,1,131,1043
1,822,131,1043
5,817,4,1043
7,844,6,1043
11,815,211,1043
9,846,1,1043
15,840,211,1043
13,847,3,1043
3,830,9,1043
17,825,210,1043
12,839,4,1043
4,842,213,1043
6,1,131,1044
3,815,211,1044
12,844,6,1044
2,830,9,1044
14,846,1,1044
1,840,211,1044
5,817,4,1044
7,839,4,1044
19,842,213,1044
9,822,131,1044
0,847,3,1044
13,825,210,1044
1,1,131,1045
3,830,9,1045
9,846,1,1045
8,842,213,1045
6,817,4,1045
2,822,131,1045
7,839,4,1045
12,844,6,1045
14,847,3,1045
18,825,210,1045
5,815,211,1045
13,840,211,1045
5,815,211,1046
11,839,4,1046
10,840,211,1046
7,817,4,1046
1,822,131,1046
2,847,131,1046
19,846,1,1046
9,842,213,1046
15,825,210,1046
3,830,9,1046
4,844,6,1046
1,830,9,1047
2,822,131,1047
3,1,131,1047
4,846,1,1047
11,817,4,1047
9,842,213,1047
10,839,4,1047
8,840,211,1047
12,844,6,1047
16,847,3,1047
20,825,210,1047
19,815,211,1047
2,1,131,1052
1,830,9,1052
3,822,131,1052
7,846,1,1052
0,815,9,1052
4,844,6,1052
6,817,1,1052
13,852,213,1052
10,840,117,1052
16,839,214,1052
15,847,3,1052
5,842,213,1052
9,4,214,1052
3,830,9,1053
1,1,131,1053
7,846,1,1053
4,844,6,1053
6,817,1,1053
5,842,213,1053
10,840,117,1053
9,839,214,1053
15,4,214,1053
2,815,9,1053
20,852,213,1053
8,822,131,1053
12,847,3,1053
2,1,131,1054
3,830,9,1054
1,822,131,1054
4,815,9,1054
7,846,1,1054
8,844,6,1054
6,839,214,1054
13,4,214,1054
16,817,1,1054
9,842,213,1054
17,840,117,1054
14,852,213,1054
11,847,3,1054
1,1,131,1055
2,830,9,1055
3,822,131,1055
4,844,6,1055
8,815,9,1055
7,817,1,1055
9,846,1,1055
5,839,214,1055
12,842,213,1055
11,840,117,1055
15,847,3,1055
10,4,214,1055
16,852,213,1055
2,830,9,1056
5,846,1,1056
9,815,9,1056
6,842,213,1056
7,1,131,1056
13,840,117,1056
11,839,214,1056
12,817,1,1056
17,4,214,1056
15,847,3,1056
16,852,213,1056
3,822,131,1056
1,844,6,1056
6,815,9,1057
4,842,213,1057
1,844,6,1057
9,846,1,1057
8,4,214,1057
7,852,213,1057
13,817,1,1057
10,822,131,1057
2,1,131,1057
15,847,3,1057
3,830,9,1057
19,840,117,1057
12,839,214,1057
1,830,9,1059
2,1,131,1059
4,815,9,1059
3,822,131,1059
8,846,1,1059
10,817,1,1059
6,842,213,1059
9,4,214,1059
19,840,117,1059
14,847,3,1059
0,852,213,1059
11,839,214,1059
7,844,6,1059
1,830,9,1058
2,1,131,1058
5,822,131,1058
4,815,9,1058
3,846,1,1058
7,844,6,1058
9,840,117,1058
8,4,214,1058
11,852,213,1058
13,817,1,1058
17,839,214,1058
10,847,3,1058
6,842,213,1058
1,830,9,1060
5,822,131,1060
2,846,1,1060
4,1,131,1060
3,815,9,1060
13,817,1,1060
12,844,6,1060
6,842,213,1060
14,4,214,1060
8,847,3,1060
7,852,213,1060
9,840,117,1060
17,839,214,1060
2,1,131,1061
4,844,6,1061
3,822,131,1061
5,846,1,1061
6,817,1,1061
7,4,214,1061
14,840,117,1061
9,839,214,1061
16,852,213,1061
11,842,213,1061
12,847,3,1061
0,815,9,1061
1,830,9,1061
8,839,214,1062
1,1,131,1062
9,4,214,1062
5,842,213,1062
16,852,213,1062
17,847,3,1062
3,830,9,1062
11,817,1,1062
6,846,1,1062
2,822,131,1062
4,815,9,1062
7,844,6,1062
12,840,117,1062
1,830,9,1063
2,847,3,1063
3,1,131,1063
4,817,1,1063
6,842,213,1063
8,839,214,1063
9,844,6,1063
12,4,214,1063
13,822,131,1063
15,846,1,1063
16,852,213,1063
0,815,9,1063
19,840,117,1063
1,830,9,1064
2,1,131,1064
3,822,131,1064
4,842,213,1064
5,844,6,1064
9,4,214,1064
0,815,9,1064
8,839,214,1064
13,846,1,1064
10,817,1,1064
12,840,117,1064
11,847,3,1064
14,852,213,1064
2,817,1,1065
3,846,1,1065
19,822,131,1065
5,844,6,1065
8,815,9,1065
9,840,117,1065
10,4,214,1065
14,847,3,1065
12,839,214,1065
4,1,131,1065
1,830,9,1065
0,842,213,1065
0,852,213,1065
4,1,131,1066
20,830,9,1066
5,817,1,1066
16,822,131,1066
6,4,214,1066
1,846,1,1066
8,815,9,1066
3,847,3,1066
7,840,117,1066
11,842,213,1066
9,839,214,1066
19,844,6,1066
12,852,213,1066
1,822,131,1067
2,830,9,1067
6,815,9,1067
3,844,6,1067
11,1,131,1067
4,842,213,1067
7,846,1,1067
8,840,117,1067
12,839,214,1067
20,817,1,1067
9,852,213,1067
13,847,3,1067
5,4,214,1067
1,830,9,1069
2,1,131,1069
3,815,9,1069
4,844,6,1069
6,817,1,1069
9,822,131,1069
7,846,1,1069
10,852,213,1069
13,840,117,1069
20,847,3,1069
19,4,214,1069
11,839,214,1069
8,842,213,1069
3,830,9,1070
2,1,131,1070
4,815,9,1070
5,842,213,1070
8,844,6,1070
12,4,214,1070
18,846,1,1070
7,817,1,1070
19,839,214,1070
20,840,117,1070
1,822,131,1070
16,847,3,1070
17,852,213,1070
10,1,131,1071
2,830,9,1071
1,822,131,1071
4,815,9,1071
6,844,6,1071
7,842,213,1071
8,839,214,1071
12,4,214,1071
5,846,1,1071
17,847,3,1071
15,852,213,1071
11,817,1,1071
14,840,117,1071
1,1,131,1051
7,830,9,1051
3,4,214,1051
11,815,9,1051
9,839,214,1051
12,840,117,1051
13,844,6,1051
4,846,1,1051
2,842,213,1051
14,817,1,1051
8,852,213,1051
15,847,3,1051
6,822,131,1051
1,1,131,1072
3,830,9,1072
2,822,131,1072
9,839,214,1072
11,817,1,1072
6,842,213,1072
4,844,6,1072
7,846,1,1072
18,840,117,1072
13,4,214,1072
8,852,213,1072
5,815,9,1072
14,847,3,1072
1,830,9,1073
2,1,131,1073
8,852,213,1073
12,842,213,1073
6,822,131,1073
3,846,1,1073
11,4,214,1073
9,839,214,1073
7,844,6,1073
10,817,1,1073
13,840,117,1073
4,815,9,1073
17,847,3,1073
1,844,6,1074
5,1,131,1074
9,847,131,1074
7,825,210,1074
6,822,51,1074
11,839,214,1074
16,852,213,1074
8,4,214,1074
15,855,51,1074
19,840,117,1074
18,817,1,1074
13,846,1,1074
17,807,117,1074
4,815,9,1074
2,830,9,1074
10,842,213,1074
4,830,9,1075
2,844,6,1075
1,815,9,1075
6,847,131,1075
5,839,214,1075
11,846,1,1075
9,842,213,1075
10,825,210,1075
15,1,131,1075
12,855,51,1075
17,807,117,1075
13,840,117,1075
8,822,51,1075
7,4,214,1075
14,817,1,1075
19,852,213,1075
1,844,6,1076
3,815,9,1076
6,847,131,1076
5,1,131,1076
4,846,1,1076
7,817,1,1076
8,839,214,1076
12,822,51,1076
11,842,213,1076
14,855,51,1076
19,840,117,1076
16,825,210,1076
13,852,213,1076
10,4,214,1076
2,830,9,1076
1,830,9,1077
3,815,9,1077
5,846,1,1077
11,847,131,1077
7,822,51,1077
2,844,6,1077
12,852,213,1077
8,825,210,1077
15,840,117,1077
17,842,213,1077
14,1,131,1077
16,839,214,1077
0,855,51,1077
6,817,1,1077
9,4,214,1077
3,830,9,1078
1,844,6,1078
4,815,9,1078
12,847,131,1078
6,1,131,1078
5,822,51,1078
20,839,214,1078
0,840,117,1078
11,4,214,1078
9,852,213,1078
14,817,1,1078
16,825,210,1078
7,842,213,1078
8,846,1,1078
17,855,51,1078
2,830,9,1079
5,815,9,1079
4,847,131,1079
6,1,131,1079
7,822,51,1079
12,839,214,1079
11,846,1,1079
20,4,214,1079
13,852,213,1079
9,817,1,1079
14,842,213,1079
17,840,117,1079
8,825,210,1079
15,855,51,1079
1,844,6,1079
3,815,9,1080
4,830,9,1080
1,844,6,1080
6,847,131,1080
5,846,1,1080
7,4,214,1080
8,1,131,1080
12,822,51,1080
17,842,213,1080
10,839,214,1080
14,817,1,1080
18,840,117,1080
20,855,51,1080
11,852,213,1080
13,825,210,1080
3,830,9,1081
2,815,9,1081
5,847,131,1081
7,1,131,1081
6,842,213,1081
10,4,214,1081
12,817,1,1081
11,846,1,1081
13,839,214,1081
15,822,51,1081
8,852,213,1081
19,840,117,1081
16,825,210,1081
14,855,51,1081
1,844,6,1081
1,830,9,1082
4,1,131,1082
8,847,131,1082
19,844,6,1082
7,839,214,1082
11,822,51,1082
10,855,51,1082
2,4,214,1082
17,840,117,1082
9,817,1,1082
15,842,213,1082
14,846,1,1082
5,825,210,1082
20,852,213,1082
13,815,9,1082
4,815,9,1083
5,1,131,1083
3,844,6,1083
7,4,214,1083
6,846,1,1083
2,830,9,1083
17,825,210,1083
20,840,117,1083
14,817,1,1083
13,852,213,1083
15,839,214,1083
11,842,213,1083
12,822,51,1083
8,847,131,1083
9,855,51,1083
2,844,6,1084
1,830,9,1084
8,1,131,1084
4,847,131,1084
6,839,214,1084
10,846,1,1084
7,825,210,1084
11,817,1,1084
19,4,214,1084
0,822,51,1084
12,840,117,1084
13,855,51,1084
14,842,213,1084
16,852,213,1084
5,815,9,1084
2,830,9,1085
4,1,131,1085
6,847,131,1085
3,815,9,1085
7,4,214,1085
5,846,1,1085
10,839,214,1085
9,817,1,1085
15,840,117,1085
14,842,213,1085
11,822,51,1085
16,855,51,1085
20,825,210,1085
1,844,6,1085
8,852,213,1085
10,830,9,1086
7,1,131,1086
1,847,131,1086
11,815,9,1086
3,844,6,1086
4,846,1,1086
6,4,214,1086
5,839,214,1086
14,840,117,1086
0,842,213,1086
12,855,51,1086
9,817,1,1086
13,825,210,1086
16,852,213,1086
8,822,51,1086
14,830,9,1087
2,815,9,1087
5,847,131,1087
3,4,214,1087
15,844,6,1087
16,839,214,1087
0,842,213,1087
9,840,117,1087
17,846,1,1087
0,852,213,1087
18,855,51,1087
7,817,1,1087
12,825,210,1087
13,822,51,1087
4,1,131,1087
1,830,9,1088
6,847,131,1088
2,844,6,1088
4,1,131,1088
5,815,9,1088
13,4,214,1088
7,846,1,1088
12,839,214,1088
10,840,117,1088
11,842,213,1088
18,825,210,1088
14,855,51,1088
17,817,1,1088
16,822,51,1088
9,852,213,1088
7,830,9,1089
1,844,6,1089
2,847,131,1089
19,1,131,1089
13,815,9,1089
3,846,1,1089
5,842,213,1089
9,855,51,1089
14,839,214,1089
15,822,51,1089
20,852,213,1089
16,825,210,1089
4,817,1,1089
12,840,117,1089
6,4,214,1089
2,815,9,1091
1,844,6,1091
6,846,1,1091
16,817,1,1091
11,840,117,1091
8,830,9,1091
3,1,131,1091
7,842,213,1091
15,822,51,1091
9,825,210,1091
0,847,131,1091
10,852,213,1091
17,839,214,1091
5,4,214,1091
14,855,51,1091
1,830,9,1092
4,815,9,1092
2,844,6,1092
5,839,214,1092
6,1,131,1092
7,4,214,1092
8,847,131,1092
10,846,1,1092
11,817,1,1092
19,840,117,1092
13,852,213,1092
18,825,210,1092
12,822,51,1092
14,855,51,1092
17,842,213,1092
2,830,9,1093
3,1,131,1093
12,844,6,1093
9,815,9,1093
4,847,131,1093
6,846,1,1093
14,4,214,1093
13,825,210,1093
19,852,213,1093
0,839,214,1093
18,855,51,1093
11,842,213,1093
15,817,1,1093
5,840,117,1093
7,822,51,1093
1,830,9,1094
3,1,131,1094
4,815,9,1094
2,847,131,1094
7,844,6,1094
11,817,1,1094
10,839,214,1094
8,846,1,1094
6,822,51,1094
14,842,213,1094
12,855,51,1094
20,840,117,1094
19,825,210,1094
9,4,214,1094
13,852,213,1094
1,847,131,1095
2,1,131,1095
5,844,6,1095
17,4,214,1095
3,830,9,1095
4,815,9,1095
16,839,214,1095
14,822,51,1095
15,840,117,1095
13,855,51,1095
10,842,213,1095
0,852,213,1095
6,846,1,1095
8,825,210,1095
11,817,1,1095
1,830,9,1096
3,844,6,1096
2,815,9,1096
6,847,131,1096
7,846,1,1096
8,839,214,1096
14,840,117,1096
13,817,1,1096
11,852,213,1096
15,855,51,1096
17,842,213,1096
18,822,51,1096
16,825,210,1096
5,1,131,1096
10,4,214,1096
1,830,9,1098
2,815,9,1098
5,4,117,1098
7,1,131,1098
8,840,117,1098
6,847,131,1098
12,822,51,1098
20,842,214,1098
14,852,213,1098
16,858,3,1098
17,825,210,1098
10,807,210,1098
13,855,51,1098
11,846,1,1098
9,839,214,1098
3,844,6,1098
18,857,1,1098
1,815,9,1099
15,830,9,1099
2,4,117,1099
3,847,131,1099
7,1,131,1099
12,844,6,1099
6,839,214,1099
9,842,214,1099
13,825,210,1099
16,852,213,1099
10,807,210,1099
11,855,51,1099
8,857,1,1099
20,858,3,1099
19,846,1,1099
14,822,51,1099
5,840,117,1099
1,830,9,1100
3,1,131,1100
4,4,117,1100
6,840,117,1100
0,815,9,1100
13,846,1,1100
10,807,210,1100
16,857,1,1100
17,855,51,1100
12,852,213,1100
0,822,51,1100
9,842,214,1100
11,839,214,1100
18,858,3,1100
14,825,210,1100
2,847,131,1100
7,844,6,1100
3,815,9,1101
2,830,9,1101
1,844,6,1101
6,4,117,1101
5,1,131,1101
9,840,117,1101
11,847,131,1101
7,846,1,1101
8,852,213,1101
10,857,1,1101
16,825,210,1101
17,842,214,1101
0,839,214,1101
14,858,3,1101
0,807,210,1101
13,822,51,1101
15,855,51,1101
9,830,9,1102
1,815,9,1102
2,4,117,1102
6,847,131,1102
13,1,131,1102
7,844,6,1102
5,842,214,1102
8,839,214,1102
4,825,210,1102
17,852,213,1102
18,840,117,1102
10,822,51,1102
12,807,210,1102
14,855,51,1102
16,846,1,1102
19,857,1,1102
20,858,3,1102
1,830,9,1104
2,4,117,1104
3,839,214,1104
5,1,131,1104
8,847,131,1104
6,844,6,1104
7,842,214,1104
10,846,1,1104
11,857,1,1104
15,822,51,1104
19,855,51,1104
9,852,213,1104
20,815,9,1104
18,807,210,1104
16,858,3,1104
17,825,210,1104
14,840,117,1104
1,830,9,1105
4,1,131,1105
12,847,131,1105
11,815,9,1105
5,840,117,1105
8,4,117,1105
6,839,214,1105
13,855,51,1105
10,842,214,1105
19,844,6,1105
15,852,213,1105
9,857,1,1105
7,807,210,1105
3,846,1,1105
17,825,210,1105
16,822,51,1105
20,858,3,1105
1,830,9,1106
2,4,117,1106
3,1,131,1106
10,844,6,1106
12,815,9,1106
6,839,214,1106
16,840,117,1106
14,822,51,1106
8,857,1,1106
15,842,214,1106
7,846,1,1106
19,852,213,1106
5,807,210,1106
20,855,51,1106
13,825,210,1106
4,847,131,1106
18,858,3,1106
1,830,9,1107
2,844,6,1107
15,815,9,1107
4,846,1,1107
7,4,117,1107
11,847,131,1107
5,1,131,1107
6,840,117,1107
9,842,214,1107
17,855,51,1107
18,858,3,1107
12,839,214,1107
14,822,51,1107
13,857,1,1107
0,825,210,1107
16,852,213,1107
8,807,210,1107
1,830,9,1108
2,846,1,1108
7,1,131,1108
3,857,1,1108
6,847,131,1108
15,815,9,1108
9,4,117,1108
4,844,6,1108
14,858,3,1108
20,822,51,1108
11,807,210,1108
12,840,117,1108
17,855,51,1108
16,852,213,1108
10,842,214,1108
19,825,210,1108
13,839,214,1108
2,830,9,1109
3,846,1,1109
9,815,9,1109
1,1,131,1109
4,857,1,1109
18,847,131,1109
6,844,6,1109
8,4,117,1109
14,840,117,1109
7,822,51,1109
13,817,213,1109
10,807,210,1109
17,852,213,1109
5,855,51,1109
19,825,210,1109
20,858,3,1109
12,839,214,1109
15,842,214,1109
6,830,9,1110
2,815,9,1110
1,844,6,1110
3,1,131,1110
9,4,117,1110
8,847,131,1110
7,846,1,1110
14,839,214,1110
10,840,117,1110
11,852,213,1110
12,842,214,1110
13,822,51,1110
17,855,51,1110
16,825,210,1110
19,817,213,1110
18,858,3,1110
0,807,210,1110
5,857,1,1110
1,830,9,1111
5,4,117,1111
12,842,214,1111
7,815,9,1111
13,1,131,1111
2,846,1,1111
8,857,1,1111
16,839,214,1111
11,840,117,1111
14,807,210,1111
18,822,51,1111
17,852,213,1111
0,825,210,1111
3,847,131,1111
15,855,51,1111
9,844,6,1111
10,858,3,1111
2,830,9,1112
5,815,9,1112
3,844,6,1112
4,847,131,1112
8,1,131,1112
9,846,1,1112
10,4,117,1112
14,822,51,1112
7,857,1,1112
15,858,3,1112
16,855,51,1112
17,842,214,1112
20,840,117,1112
13,807,210,1112
19,825,210,1112
18,839,214,1112
11,852,213,1112
4,846,1,1113
5,1,131,1113
3,844,6,1113
11,830,9,1113
12,842,214,1113
17,857,1,1113
13,815,9,1113
6,825,210,1113
0,855,51,1113
9,807,210,1113
18,858,3,1113
7,4,117,1113
2,847,131,1113
16,822,51,1113
8,839,214,1113
15,852,213,1113
0,840,117,1113
1,830,9,1114
3,846,1,1114
2,857,1,1114
4,844,6,1114
7,1,131,1114
8,847,131,1114
10,4,117,1114
14,839,214,1114
12,842,214,1114
9,852,213,1114
19,855,51,1114
18,807,210,1114
15,825,210,1114
0,858,3,1114
17,840,117,1114
5,815,9,1114
16,822,51,1114
1,830,9,1115
6,857,1,1115
10,846,1,1115
2,847,131,1115
5,844,6,1115
4,4,117,1115
8,839,214,1115
9,822,51,1115
19,855,51,1115
0,815,9,1115
16,840,117,1115
7,842,214,1115
18,825,210,1115
11,852,213,1115
14,807,210,1115
15,858,3,1115
3,1,131,1115
6,830,9,1116
2,846,1,1116
9,815,9,1116
5,847,131,1116
7,842,214,1116
0,840,117,1116
11,852,213,1116
16,858,3,1116
0,807,210,1116
13,822,51,1116
12,855,51,1116
0,825,210,1116
14,817,213,1116
0,4,117,1116
10,857,1,1116
8,839,214,1116
3,1,131,1116
1,844,6,1116
3,830,9,1117
6,1,131,1117
1,844,6,1117
17,846,1,1117
8,847,131,1117
4,817,213,1117
7,857,1,1117
15,839,214,1117
11,842,214,1117
18,852,213,1117
12,807,210,1117
10,855,51,1117
9,822,51,1117
19,858,3,1117
0,840,117,1117
13,4,117,1117
16,825,210,1117
5,815,9,1117
1,830,9,1118
6,846,1,1118
4,4,117,1118
9,815,9,1118
3,840,117,1118
15,842,214,1118
5,1,131,1118
16,852,213,1118
14,839,214,1118
19,858,3,1118
11,807,210,1118
17,817,213,1118
10,857,1,1118
8,847,131,1118
18,822,51,1118
20,855,51,1118
12,825,210,1118
0,844,6,1118
2,830,9,1119
1,844,6,1119
11,815,9,1119
16,839,214,1119
19,840,117,1119
10,1,131,1119
3,847,131,1119
9,4,117,1119
18,857,1,1119
4,842,214,1119
8,825,210,1119
14,817,213,1119
17,855,51,1119
6,858,3,1119
7,822,51,1119
20,852,213,1119
13,807,210,1119
15,846,1,1119
1,830,9,1120
2,844,6,1120
4,847,131,1120
9,815,9,1120
5,846,1,1120
3,857,1,1120
7,4,117,1120
6,852,213,1120
11,1,131,1120
13,840,117,1120
15,817,213,1120
12,839,214,1120
10,842,214,1120
8,807,210,1120
20,858,3,1120
19,855,51,1120
18,822,51,1120
17,825,210,1120
1,830,9,1121
5,815,9,1121
2,844,6,1121
3,847,131,1121
7,846,1,1121
9,1,131,1121
8,857,1,1121
6,4,117,1121
12,840,117,1121
17,855,15,1121
15,825,210,1121
14,817,215,1121
11,852,215,1121
10,807,210,1121
19,839,214,1121
20,842,214,1121
16,822,15,1121
18,858,3,1121
1,830,9,1122
3,815,9,1122
2,844,6,1122
5,857,1,1122
4,4,117,1122
7,847,131,1122
6,846,1,1122
8,1,131,1122
15,807,210,1122
13,825,210,1122
17,839,214,1122
19,858,3,1122
9,852,215,1122
14,817,215,1122
16,822,15,1122
20,855,15,1122
10,840,117,1122
18,842,214,1122
4,844,6,1123
3,846,1,1123
5,857,1,1123
6,815,9,1123
9,840,117,1123
8,852,215,1123
10,4,117,1123
16,807,210,1123
14,825,210,1123
18,817,215,1123
17,842,214,1123
13,822,15,1123
19,855,15,1123
15,839,214,1123
7,847,131,1123
11,1,131,1123
1,830,9,1123
1,830,9,1124
2,815,9,1124
8,844,6,1124
3,846,1,1124
5,4,117,1124
9,847,131,1124
6,857,1,1124
7,1,131,1124
10,852,215,1124
12,807,210,1124
16,840,117,1124
18,825,210,1124
13,822,15,1124
15,839,214,1124
17,842,214,1124
19,858,3,1124
20,855,15,1124
11,817,215,1124
1,830,9,1125
4,846,1,1125
2,815,9,1125
6,844,6,1125
8,847,131,1125
3,4,117,1125
5,857,1,1125
18,1,131,1125
9,807,210,1125
13,839,214,1125
15,842,214,1125
16,855,15,1125
11,840,117,1125
17,825,210,1125
20,858,3,1125
12,817,215,1125
19,852,215,1125
10,822,15,1125
5,846,1,1126
1,830,9,1126
2,844,6,1126
4,815,9,1126
8,1,131,1126
10,852,215,1126
7,847,131,1126
15,4,117,1126
13,839,214,1126
9,807,210,1126
12,842,214,1126
6,857,1,1126
19,855,15,1126
20,817,215,1126
16,822,15,1126
11,840,117,1126
18,825,210,1126
17,858,3,1126
1,830,9,1127
2,846,1,1127
3,844,6,1127
5,857,1,1127
8,1,131,1127
6,847,131,1127
11,815,9,1127
13,840,117,1127
7,852,215,1127
10,807,210,1127
18,825,210,1127
9,817,215,1127
12,839,214,1127
17,855,15,1127
15,842,214,1127
19,858,3,1127
16,822,15,1127
20,4,117,1127
1,844,6,1128
2,857,1,1128
4,846,1,1128
5,847,131,1128
6,830,9,1128
7,1,131,1128
8,852,215,1128
10,842,214,1128
14,4,117,1128
12,817,215,1128
17,822,15,1128
13,840,117,1128
15,858,3,1128
18,855,15,1128
11,839,214,1128
16,815,9,1128
19,807,210,1128
20,825,210,1128
2,830,9,1129
3,846,1,1129
1,847,131,1129
7,1,131,1129
4,857,1,1129
6,4,117,1129
9,840,117,1129
5,817,215,1129
15,842,214,1129
18,839,214,1129
17,807,210,1129
14,825,210,1129
0,822,15,1129
8,852,215,1129
0,855,15,1129
16,815,9,1129
11,844,6,1129
13,858,3,1129
2,830,9,1130
1,846,1,1130
3,1,131,1130
4,847,131,1130
5,844,6,1130
9,857,1,1130
11,815,9,1130
7,842,214,1130
8,839,214,1130
13,807,210,1130
10,4,117,1130
15,855,15,1130
14,840,117,1130
18,817,215,1130
12,822,15,1130
16,825,210,1130
17,852,215,1130
19,858,3,1130
3,847,131,1131
7,857,1,1131
5,1,131,1131
1,830,9,1131
9,807,210,1131
8,815,9,1131
12,825,210,1131
11,817,215,1131
13,842,214,1131
6,844,6,1131
10,839,214,1131
17,840,117,1131
14,852,215,1131
18,822,15,1131
20,855,15,1131
15,4,117,1131
19,858,3,1131
2,846,1,1131
2,1,131,1132
4,830,9,1132
3,846,1,1132
5,857,1,1132
6,807,210,1132
8,840,117,1132
10,4,117,1132
13,852,215,1132
12,858,3,1132
17,825,210,1132
15,817,215,1132
11,844,6,1132
16,822,15,1132
18,839,214,1132
0,815,9,1132
14,855,15,1132
1,847,131,1132
19,842,214,1132
